,target,model,metric,model_input,split_data,model_result,best_params,count_deduplicated,test_data_count,best_crossval_score,train_score,test_score
0,nontrigger,lr,roc_auc,SentenceLemmas,"{'X_train': 2150     trigger period mean a period a commence upon ...
547      low cash flow period mean a period a commence...
2165    after a trigger period have end any fund avail...
669     the borrower must pay to the mortgage lender o...
528     the borrower be require to pay or because to b...
                              ...                        
567     borrower be entitle to at borrower s sole opti...
987     the borrower be not permit to make a request f...
2183    as a result the lender s control over these re...
52      upon the occurrence and during the continuance...
1577    see description of the mortgage loan lockbox a...
Name: SentenceLemmas, Length: 1596, dtype: object, 'X_test': 281     operate expense reserve on each payment date o...
1469           see loan term herein for more information 
1967    from and after the first date that the fund on...
2107    provide no mortgage loan event of default exis...
1994    not later than ten 10 business day follow deli...
                              ...                        
1450     approve operating expense mean an operate exp...
1965    if a trigger period have occur and be continue...
2222    however the inability of the borrower to compl...
1085    if quarterly financial statement have not yet ...
1105    the lockbox account be each own by a separate ...
Name: SentenceLemmas, Length: 684, dtype: object, 'y_train': 2150    0
547     0
2165    0
669     0
528     0
       ..
567     0
987     1
2183    0
52      0
1577    1
Name: nontrigger, Length: 1596, dtype: int64, 'y_test': 281     0
1469    1
1967    0
2107    0
1994    0
       ..
1450    1
1965    0
2222    0
1085    1
1105    1
Name: nontrigger, Length: 684, dtype: int64, 'indices_train': Int64Index([2150,  547, 2165,  669,  528, 1438, 1747,  877,  113, 1258,
            ...
            1939, 1774,  305,  880,  519,  567,  987, 2183,   52, 1577],
           dtype='int64', length=1596), 'indices_test': Int64Index([ 281, 1469, 1967, 2107, 1994, 1566,  863, 2223, 1275,  134,
            ...
            1031,  446, 1463,  449, 2196, 1450, 1965, 2222, 1085, 1105],
           dtype='int64', length=684)}","GridSearchCV(cv=3, error_score=nan,
             estimator=Pipeline(memory=None,
                                steps=[('cvec',
                                        CountVectorizer(analyzer='word',
                                                        binary=False,
                                                        decode_error='strict',
                                                        dtype=<class 'numpy.int64'>,
                                                        encoding='utf-8',
                                                        input='content',
                                                        lowercase=True,
                                                        max_df=1.0,
                                                        max_features=None,
                                                        min_df=1,
                                                        ngram_range=(1, 1),
                                                        preprocessor=None,
                                                        stop_words=None,
                                                        strip_accents=None,
                                                        token_pattern='(?u)...
                                               'be', 'for', 'with', 'that',
                                               'marriott'],
                                              ['six', 'the', 'afterwards',
                                               'into', 'few', 'somehow',
                                               'rather', 'either', 'her', 'you',
                                               'because', 'wherever', 'all',
                                               'from', 'every', 'does', 'if',
                                               'upon', 'twenty', 'using',
                                               'that', 'your', 'sometimes',
                                               'none', 'me', 'keep', 'most',
                                               'them', 'formerly', 're', ...]]},
             pre_dispatch='2*n_jobs', refit=True, return_train_score=False,
             scoring='roc_auc', verbose=0)","{'cvec__max_df': 0.99, 'cvec__max_features': 1000, 'cvec__min_df': 2, 'cvec__ngram_range': (1, 3), 'cvec__stop_words': ['six', 'the', 'afterwards', 'into', 'few', 'somehow', 'rather', 'either', 'her', 'you', 'because', 'wherever', 'all', 'from', 'every', 'does', 'if', 'upon', 'twenty', 'using', 'that', 'your', 'sometimes', 'none', 'me', 'keep', 'most', 'them', 'formerly', 're', 'sometime', 'although', 'between', 'done', 'how', 'take', 'against', 'empty', 'could', 'somewhere', 'fifty', 'or', 'used', 'nothing', 'and', 'became', 'already', 'while', 'third', 'what', 'perhaps', 'several', 'something', 'via', 'everyone', 'anything', 'regarding', 'him', 'anywhere', 'give', 'himself', 'yourselves', 'also', 'beforehand', 'being', 'should', 'whither', 'to', 'why', 'were', 'make', 'myself', 'we', 'whom', 'who', 'below', 'call', 'back', 'some', 'such', 'has', 'during', 'last', 'thence', 'ten', 'which', 'until', 'one', 'side', 'once', 'four', 'i', 'nobody', 'our', 'must', 'nor', 'hereby', 'toward', 'whenever', 'above', 'both', 'it', 'yours', 'less', 'name', 'along', 'due', 'beyond', 'become', 'mostly', 'next', 'say', 'neither', 'latter', 'onto', 'had', 'per', 'fifteen', 'same', 'unless', 'whole', 'others', 'there', 'former', 'than', 'seemed', 'serious', 'seem', 'made', 'this', 'did', 'someone', 'whoever', 'before', 'throughout', 'see', 'each', 'now', 'under', 'ca', 'often', 'always', 'out', 'am', 'nevertheless', 'therein', 'seeming', 'show', 'whereafter', 'yet', 'elsewhere', 'but', 'she', 'then', 'thus', 'on', 'hereupon', 'indeed', 'latterly', 'not', 'where', 'will', 'else', 'whatever', 'though', 'are', 'full', 'bottom', 'doing', 'he', 'herein', 'more', 'ourselves', 'was', 'with', 'since', 'other', 'three', 'as', 'together', 'first', 'get', 'please', 'ever', 'just', 'of', 'almost', 'anyone', 'eleven', 'whence', 'various', 'least', 'behind', 'everything', 'hers', 'itself', 'towards', 'they', 'whereas', 'alone', 'nine', 'herself', 'for', 'thereby', 'amount', 'within', 'by', 'us', 'in', 'up', 'moreover', 'twelve', 'except', 'can', 'its', 'seems', 'a', 'when', 'very', 'be', 'another', 'is', 'here', 'namely', 'really', 'themselves', 'thru', 'go', 'five', 'those', 'too', 'two', 'mine', 'their', 'top', 'no', 'across', 'never', 'however', 'quite', 'these', 'put', 'therefore', 'thereafter', 'only', 'after', 'further', 'do', 'any', 'sixty', 'his', 'many', 'otherwise', 'wherein', 'beside', 'at', 'forty', 'meanwhile', 'off', 'thereupon', 'yourself', 'part', 'whether', 'would', 'becoming', 'eight', 'hundred', 'may', 'noone', 'nowhere', 'everywhere', 'still', 'whose', 'anyhow', 'enough', 'among', 'front', 'cannot', 'been', 'might', 'over', 'so', 'whereupon', 'through', 'have', 'hereafter', 'about', 'well', 'amongst', 'an', 'my', 'much', 'even', 'without', 'move', 'hence', 'besides', 'again', 'becomes', 'down', 'around', 'anyway', 'whereby', 'own', 'ours', 'marriott']}",1030,309,0.9869574268350637,0.9998232613433724,0.9859374325782092
1,loan_default,lr,roc_auc,SentenceLemmas,"{'X_train': 139     upon the occurrence of a lockbox trigger event...
1932    in the event a cash management period have occ...
797                                cash management spring
1025     lockbox bank mean wells fargo bank national a...
1172     bankruptcy action mean with respect to any pe...
                              ...                        
103     so long as no loan event of default be then co...
1739     third floor renovation work mean a renovation...
1203    notwithstanding the foregoing in connection wi...
754      rating condition mean with respect to any pro...
1786    the borrower must pay to the mortgage lender o...
Name: SentenceLemmas, Length: 1596, dtype: object, 'X_test': 1328    other than as set forth in the lockbox agreeme...
473     during a trigger period so long as no mortgage...
1438             minimum disbursement amount mean 15 000 
2125    upon the commencement of a trigger period i bo...
1606     required closing date deposit mean a with res...
                              ...                        
532     upon the cure of any trigger period and provid...
2171    notwithstanding the foregoing a trigger period...
1052    accordingly in the event of the bankruptcy of ...
2100    upon the commencement of a trigger period i bo...
37       cash management period mean i from and after ...
Name: SentenceLemmas, Length: 684, dtype: object, 'y_train': 139     0
1932    1
797     0
1025    0
1172    0
       ..
103     1
1739    0
1203    0
754     0
1786    0
Name: loan_default, Length: 1596, dtype: int64, 'y_test': 1328    0
473     1
1438    0
2125    0
1606    0
       ..
532     0
2171    0
1052    0
2100    0
37      1
Name: loan_default, Length: 684, dtype: int64, 'indices_train': Int64Index([ 139, 1932,  797, 1025, 1172, 2111, 1512, 2270, 1428, 1043,
            ...
            1325,  300,  365, 1126, 1085,  103, 1739, 1203,  754, 1786],
           dtype='int64', length=1596), 'indices_test': Int64Index([1328,  473, 1438, 2125, 1606,  746, 1613,  427,  564, 1461,
            ...
            1804, 1858, 1548, 1096,  152,  532, 2171, 1052, 2100,   37],
           dtype='int64', length=684)}","GridSearchCV(cv=3, error_score=nan,
             estimator=Pipeline(memory=None,
                                steps=[('cvec',
                                        CountVectorizer(analyzer='word',
                                                        binary=False,
                                                        decode_error='strict',
                                                        dtype=<class 'numpy.int64'>,
                                                        encoding='utf-8',
                                                        input='content',
                                                        lowercase=True,
                                                        max_df=1.0,
                                                        max_features=None,
                                                        min_df=1,
                                                        ngram_range=(1, 1),
                                                        preprocessor=None,
                                                        stop_words=None,
                                                        strip_accents=None,
                                                        token_pattern='(?u)...
                                               'be', 'for', 'with', 'that',
                                               'marriott'],
                                              ['six', 'the', 'afterwards',
                                               'into', 'few', 'somehow',
                                               'rather', 'either', 'her', 'you',
                                               'because', 'wherever', 'all',
                                               'from', 'every', 'does', 'if',
                                               'upon', 'twenty', 'using',
                                               'that', 'your', 'sometimes',
                                               'none', 'me', 'keep', 'most',
                                               'them', 'formerly', 're', ...]]},
             pre_dispatch='2*n_jobs', refit=True, return_train_score=False,
             scoring='roc_auc', verbose=0)","{'cvec__max_df': 0.99, 'cvec__max_features': 400, 'cvec__min_df': 2, 'cvec__ngram_range': (1, 7), 'cvec__stop_words': ['the', 'and', 'a', 'to', 'it', 'be', 'for', 'with', 'that', 'marriott']}",553,166,0.9823737985778497,0.9992209590859253,0.9912197050751268
2,unspecified,lr,roc_auc,SentenceLemmas,"{'X_train': 396     any fund remain in the reserve account establi...
1078    additionally if at any time the lender reasona...
1229    the borrower will have the right to settle all...
1759    all interest in the replacements reserve fund ...
51      on each due date during the continuance of a t...
                              ...                        
2017    during a cash sweep period the operating lesse...
1054    the legal proceeding necessary to resolve thes...
293     on each payment date occur on and after the oc...
677     on each mortgage loan payment date during the ...
1234     university centre restoration budget mean the...
Name: SentenceLemmas, Length: 1596, dtype: object, 'X_test': 1977    loan features structure the mortgage loan be s...
205     provide that no mortgage loan event of default...
940     the borrower be require to maintain the follow...
2270    during a trigger period monthly reserve deposi...
654     under the term of the mortgage loan documents ...
                              ...                        
1591     guarantor financial covenants mean those mini...
1497    amount so deposit be refer to as the replaceme...
1628    the mortgage lender be require to apply amount...
1785    the borrower be require to deposit into the ta...
457     during the continuance of an event of default ...
Name: SentenceLemmas, Length: 684, dtype: object, 'y_train': 396     1
1078    0
1229    0
1759    0
51      0
       ..
2017    1
1054    0
293     1
677     1
1234    0
Name: unspecified, Length: 1596, dtype: int64, 'y_test': 1977    0
205     0
940     0
2270    1
654     0
       ..
1591    0
1497    0
1628    0
1785    1
457     0
Name: unspecified, Length: 684, dtype: int64, 'indices_train': Int64Index([ 396, 1078, 1229, 1759,   51,  670,  707, 1607, 1552, 1894,
            ...
             858, 1608,  101,  145,  567, 2017, 1054,  293,  677, 1234],
           dtype='int64', length=1596), 'indices_test': Int64Index([1977,  205,  940, 2270,  654,  497, 1017, 1672,  852, 1431,
            ...
            1056, 1174,  635, 2111, 1593, 1591, 1497, 1628, 1785,  457],
           dtype='int64', length=684)}","GridSearchCV(cv=3, error_score=nan,
             estimator=Pipeline(memory=None,
                                steps=[('cvec',
                                        CountVectorizer(analyzer='word',
                                                        binary=False,
                                                        decode_error='strict',
                                                        dtype=<class 'numpy.int64'>,
                                                        encoding='utf-8',
                                                        input='content',
                                                        lowercase=True,
                                                        max_df=1.0,
                                                        max_features=None,
                                                        min_df=1,
                                                        ngram_range=(1, 1),
                                                        preprocessor=None,
                                                        stop_words=None,
                                                        strip_accents=None,
                                                        token_pattern='(?u)...
                                               'be', 'for', 'with', 'that',
                                               'marriott'],
                                              ['six', 'the', 'afterwards',
                                               'into', 'few', 'somehow',
                                               'rather', 'either', 'her', 'you',
                                               'because', 'wherever', 'all',
                                               'from', 'every', 'does', 'if',
                                               'upon', 'twenty', 'using',
                                               'that', 'your', 'sometimes',
                                               'none', 'me', 'keep', 'most',
                                               'them', 'formerly', 're', ...]]},
             pre_dispatch='2*n_jobs', refit=True, return_train_score=False,
             scoring='roc_auc', verbose=0)","{'cvec__max_df': 0.99, 'cvec__max_features': 1000, 'cvec__min_df': 2, 'cvec__ngram_range': (1, 2), 'cvec__stop_words': ['six', 'the', 'afterwards', 'into', 'few', 'somehow', 'rather', 'either', 'her', 'you', 'because', 'wherever', 'all', 'from', 'every', 'does', 'if', 'upon', 'twenty', 'using', 'that', 'your', 'sometimes', 'none', 'me', 'keep', 'most', 'them', 'formerly', 're', 'sometime', 'although', 'between', 'done', 'how', 'take', 'against', 'empty', 'could', 'somewhere', 'fifty', 'or', 'used', 'nothing', 'and', 'became', 'already', 'while', 'third', 'what', 'perhaps', 'several', 'something', 'via', 'everyone', 'anything', 'regarding', 'him', 'anywhere', 'give', 'himself', 'yourselves', 'also', 'beforehand', 'being', 'should', 'whither', 'to', 'why', 'were', 'make', 'myself', 'we', 'whom', 'who', 'below', 'call', 'back', 'some', 'such', 'has', 'during', 'last', 'thence', 'ten', 'which', 'until', 'one', 'side', 'once', 'four', 'i', 'nobody', 'our', 'must', 'nor', 'hereby', 'toward', 'whenever', 'above', 'both', 'it', 'yours', 'less', 'name', 'along', 'due', 'beyond', 'become', 'mostly', 'next', 'say', 'neither', 'latter', 'onto', 'had', 'per', 'fifteen', 'same', 'unless', 'whole', 'others', 'there', 'former', 'than', 'seemed', 'serious', 'seem', 'made', 'this', 'did', 'someone', 'whoever', 'before', 'throughout', 'see', 'each', 'now', 'under', 'ca', 'often', 'always', 'out', 'am', 'nevertheless', 'therein', 'seeming', 'show', 'whereafter', 'yet', 'elsewhere', 'but', 'she', 'then', 'thus', 'on', 'hereupon', 'indeed', 'latterly', 'not', 'where', 'will', 'else', 'whatever', 'though', 'are', 'full', 'bottom', 'doing', 'he', 'herein', 'more', 'ourselves', 'was', 'with', 'since', 'other', 'three', 'as', 'together', 'first', 'get', 'please', 'ever', 'just', 'of', 'almost', 'anyone', 'eleven', 'whence', 'various', 'least', 'behind', 'everything', 'hers', 'itself', 'towards', 'they', 'whereas', 'alone', 'nine', 'herself', 'for', 'thereby', 'amount', 'within', 'by', 'us', 'in', 'up', 'moreover', 'twelve', 'except', 'can', 'its', 'seems', 'a', 'when', 'very', 'be', 'another', 'is', 'here', 'namely', 'really', 'themselves', 'thru', 'go', 'five', 'those', 'too', 'two', 'mine', 'their', 'top', 'no', 'across', 'never', 'however', 'quite', 'these', 'put', 'therefore', 'thereafter', 'only', 'after', 'further', 'do', 'any', 'sixty', 'his', 'many', 'otherwise', 'wherein', 'beside', 'at', 'forty', 'meanwhile', 'off', 'thereupon', 'yourself', 'part', 'whether', 'would', 'becoming', 'eight', 'hundred', 'may', 'noone', 'nowhere', 'everywhere', 'still', 'whose', 'anyhow', 'enough', 'among', 'front', 'cannot', 'been', 'might', 'over', 'so', 'whereupon', 'through', 'have', 'hereafter', 'about', 'well', 'amongst', 'an', 'my', 'much', 'even', 'without', 'move', 'hence', 'besides', 'again', 'becomes', 'down', 'around', 'anyway', 'whereby', 'own', 'ours', 'marriott']}",498,149,0.9650625250042316,0.9998276666291364,0.9642476321896757
3,debt_yield_fall,lr,roc_auc,SentenceLemmas,"{'X_train': 1555     approve operating expense mean an operate exp...
501     any fund remain in the reserve account establi...
1882    a low debt yield sweep period will end upon th...
593     on each payment date occur after the occurrenc...
1442    nothing with respect to capital expenditure re...
                              ...                        
942     all revenue derive from the property be requir...
1055    further in a bankruptcy or other proceeding ce...
2178    the borrower be require to deposit into the ta...
1881     low debt yield sweep period mean the period c...
1833     debt yield trigger event mean that as of any ...
Name: SentenceLemmas, Length: 1596, dtype: object, 'X_test': 2202    under the term of the mortgage loan documents ...
1285    on the origination date borrower deposit with ...
1701     manager reserve account mean the eligible acc...
183     as the mortgage loan agreement do not require ...
599     thus so long as a trigger period be not in eff...
                              ...                        
2114    provide no mortgage loan event of default be c...
34      prior to the extension term during the continu...
1520    the borrower have grant to the mortgage lender...
1042    the pool a mortgage loan the pool b mortgage l...
1303     debt yield aggregate will mean for any date o...
Name: SentenceLemmas, Length: 684, dtype: object, 'y_train': 1555    0
501     0
1882    1
593     0
1442    0
       ..
942     0
1055    0
2178    0
1881    1
1833    1
Name: debt_yield_fall, Length: 1596, dtype: int64, 'y_test': 2202    0
1285    0
1701    0
183     0
599     0
       ..
2114    0
34      0
1520    0
1042    0
1303    0
Name: debt_yield_fall, Length: 684, dtype: int64, 'indices_train': Int64Index([1555,  501, 1882,  593, 1442, 1233, 1023, 2259,  805,  618,
            ...
            2164, 1375,  296,  302,  996,  942, 1055, 2178, 1881, 1833],
           dtype='int64', length=1596), 'indices_test': Int64Index([2202, 1285, 1701,  183,  599,   54, 1364, 1347,  187, 1426,
            ...
             857, 1271,  208,  250, 2021, 2114,   34, 1520, 1042, 1303],
           dtype='int64', length=684)}","GridSearchCV(cv=3, error_score=nan,
             estimator=Pipeline(memory=None,
                                steps=[('cvec',
                                        CountVectorizer(analyzer='word',
                                                        binary=False,
                                                        decode_error='strict',
                                                        dtype=<class 'numpy.int64'>,
                                                        encoding='utf-8',
                                                        input='content',
                                                        lowercase=True,
                                                        max_df=1.0,
                                                        max_features=None,
                                                        min_df=1,
                                                        ngram_range=(1, 1),
                                                        preprocessor=None,
                                                        stop_words=None,
                                                        strip_accents=None,
                                                        token_pattern='(?u)...
                                               'be', 'for', 'with', 'that',
                                               'marriott'],
                                              ['six', 'the', 'afterwards',
                                               'into', 'few', 'somehow',
                                               'rather', 'either', 'her', 'you',
                                               'because', 'wherever', 'all',
                                               'from', 'every', 'does', 'if',
                                               'upon', 'twenty', 'using',
                                               'that', 'your', 'sometimes',
                                               'none', 'me', 'keep', 'most',
                                               'them', 'formerly', 're', ...]]},
             pre_dispatch='2*n_jobs', refit=True, return_train_score=False,
             scoring='roc_auc', verbose=0)","{'cvec__max_df': 0.99, 'cvec__max_features': 200, 'cvec__min_df': 2, 'cvec__ngram_range': (1, 3), 'cvec__stop_words': ['six', 'the', 'afterwards', 'into', 'few', 'somehow', 'rather', 'either', 'her', 'you', 'because', 'wherever', 'all', 'from', 'every', 'does', 'if', 'upon', 'twenty', 'using', 'that', 'your', 'sometimes', 'none', 'me', 'keep', 'most', 'them', 'formerly', 're', 'sometime', 'although', 'between', 'done', 'how', 'take', 'against', 'empty', 'could', 'somewhere', 'fifty', 'or', 'used', 'nothing', 'and', 'became', 'already', 'while', 'third', 'what', 'perhaps', 'several', 'something', 'via', 'everyone', 'anything', 'regarding', 'him', 'anywhere', 'give', 'himself', 'yourselves', 'also', 'beforehand', 'being', 'should', 'whither', 'to', 'why', 'were', 'make', 'myself', 'we', 'whom', 'who', 'below', 'call', 'back', 'some', 'such', 'has', 'during', 'last', 'thence', 'ten', 'which', 'until', 'one', 'side', 'once', 'four', 'i', 'nobody', 'our', 'must', 'nor', 'hereby', 'toward', 'whenever', 'above', 'both', 'it', 'yours', 'less', 'name', 'along', 'due', 'beyond', 'become', 'mostly', 'next', 'say', 'neither', 'latter', 'onto', 'had', 'per', 'fifteen', 'same', 'unless', 'whole', 'others', 'there', 'former', 'than', 'seemed', 'serious', 'seem', 'made', 'this', 'did', 'someone', 'whoever', 'before', 'throughout', 'see', 'each', 'now', 'under', 'ca', 'often', 'always', 'out', 'am', 'nevertheless', 'therein', 'seeming', 'show', 'whereafter', 'yet', 'elsewhere', 'but', 'she', 'then', 'thus', 'on', 'hereupon', 'indeed', 'latterly', 'not', 'where', 'will', 'else', 'whatever', 'though', 'are', 'full', 'bottom', 'doing', 'he', 'herein', 'more', 'ourselves', 'was', 'with', 'since', 'other', 'three', 'as', 'together', 'first', 'get', 'please', 'ever', 'just', 'of', 'almost', 'anyone', 'eleven', 'whence', 'various', 'least', 'behind', 'everything', 'hers', 'itself', 'towards', 'they', 'whereas', 'alone', 'nine', 'herself', 'for', 'thereby', 'amount', 'within', 'by', 'us', 'in', 'up', 'moreover', 'twelve', 'except', 'can', 'its', 'seems', 'a', 'when', 'very', 'be', 'another', 'is', 'here', 'namely', 'really', 'themselves', 'thru', 'go', 'five', 'those', 'too', 'two', 'mine', 'their', 'top', 'no', 'across', 'never', 'however', 'quite', 'these', 'put', 'therefore', 'thereafter', 'only', 'after', 'further', 'do', 'any', 'sixty', 'his', 'many', 'otherwise', 'wherein', 'beside', 'at', 'forty', 'meanwhile', 'off', 'thereupon', 'yourself', 'part', 'whether', 'would', 'becoming', 'eight', 'hundred', 'may', 'noone', 'nowhere', 'everywhere', 'still', 'whose', 'anyhow', 'enough', 'among', 'front', 'cannot', 'been', 'might', 'over', 'so', 'whereupon', 'through', 'have', 'hereafter', 'about', 'well', 'amongst', 'an', 'my', 'much', 'even', 'without', 'move', 'hence', 'besides', 'again', 'becomes', 'down', 'around', 'anyway', 'whereby', 'own', 'ours', 'marriott']}",188,56,0.9747423000496771,0.9999586024176188,0.9970854185623294
4,mezzanine_default,lr,roc_auc,SentenceLemmas,"{'X_train': 1637    borrower hereby represent and warrant to lende...
1956    on each payment date occur during a trigger pe...
1309    under the term of the mortgage loan documents ...
217     on each payment date during the continuance of...
584     unless a mortgage loan event of default have o...
                              ...                        
2195    under the term of the mortgage loan documents ...
1562    if the amount of the ground rent funds will ex...
1281    with respect to the ff e reserves the brand ma...
100      loan event of default mean an event of defaul...
1133    the borrower have establish and during the ter...
Name: SentenceLemmas, Length: 1596, dtype: object, 'X_test': 0       on each business day the financial institution...
2042    prior to a cash sweep period as define below a...
1937    excess cash flow fund on each payment date occ...
126      debt yield trigger period mean the period com...
1046    on the origination date borrower represent tha...
                              ...                        
11       budget operating expense mean with respect to...
2164    on each payment date occur on and after the oc...
1631    if the amount of ground lease reserve funds ex...
57      with respect to any sweep lease period in orde...
299     provide no mortgage loan event of default have...
Name: SentenceLemmas, Length: 684, dtype: object, 'y_train': 1637    0
1956    0
1309    0
217     0
584     0
       ..
2195    0
1562    0
1281    0
100     0
1133    0
Name: mezzanine_default, Length: 1596, dtype: int64, 'y_test': 0       0
2042    0
1937    0
126     0
1046    0
       ..
11      0
2164    0
1631    0
57      0
299     0
Name: mezzanine_default, Length: 684, dtype: int64, 'indices_train': Int64Index([1637, 1956, 1309,  217,  584,  721, 1960, 1347,  249, 1703,
            ...
            1264,  938, 1313, 1614,  878, 2195, 1562, 1281,  100, 1133],
           dtype='int64', length=1596), 'indices_test': Int64Index([   0, 2042, 1937,  126, 1046, 1517, 1081, 1138, 1091, 1284,
            ...
             850, 1790, 1446,  215,  907,   11, 2164, 1631,   57,  299],
           dtype='int64', length=684)}","GridSearchCV(cv=3, error_score=nan,
             estimator=Pipeline(memory=None,
                                steps=[('cvec',
                                        CountVectorizer(analyzer='word',
                                                        binary=False,
                                                        decode_error='strict',
                                                        dtype=<class 'numpy.int64'>,
                                                        encoding='utf-8',
                                                        input='content',
                                                        lowercase=True,
                                                        max_df=1.0,
                                                        max_features=None,
                                                        min_df=1,
                                                        ngram_range=(1, 1),
                                                        preprocessor=None,
                                                        stop_words=None,
                                                        strip_accents=None,
                                                        token_pattern='(?u)...
                                               'be', 'for', 'with', 'that',
                                               'marriott'],
                                              ['six', 'the', 'afterwards',
                                               'into', 'few', 'somehow',
                                               'rather', 'either', 'her', 'you',
                                               'because', 'wherever', 'all',
                                               'from', 'every', 'does', 'if',
                                               'upon', 'twenty', 'using',
                                               'that', 'your', 'sometimes',
                                               'none', 'me', 'keep', 'most',
                                               'them', 'formerly', 're', ...]]},
             pre_dispatch='2*n_jobs', refit=True, return_train_score=False,
             scoring='roc_auc', verbose=0)","{'cvec__max_df': 0.99, 'cvec__max_features': 100, 'cvec__min_df': 2, 'cvec__ngram_range': (1, 2), 'cvec__stop_words': ['six', 'the', 'afterwards', 'into', 'few', 'somehow', 'rather', 'either', 'her', 'you', 'because', 'wherever', 'all', 'from', 'every', 'does', 'if', 'upon', 'twenty', 'using', 'that', 'your', 'sometimes', 'none', 'me', 'keep', 'most', 'them', 'formerly', 're', 'sometime', 'although', 'between', 'done', 'how', 'take', 'against', 'empty', 'could', 'somewhere', 'fifty', 'or', 'used', 'nothing', 'and', 'became', 'already', 'while', 'third', 'what', 'perhaps', 'several', 'something', 'via', 'everyone', 'anything', 'regarding', 'him', 'anywhere', 'give', 'himself', 'yourselves', 'also', 'beforehand', 'being', 'should', 'whither', 'to', 'why', 'were', 'make', 'myself', 'we', 'whom', 'who', 'below', 'call', 'back', 'some', 'such', 'has', 'during', 'last', 'thence', 'ten', 'which', 'until', 'one', 'side', 'once', 'four', 'i', 'nobody', 'our', 'must', 'nor', 'hereby', 'toward', 'whenever', 'above', 'both', 'it', 'yours', 'less', 'name', 'along', 'due', 'beyond', 'become', 'mostly', 'next', 'say', 'neither', 'latter', 'onto', 'had', 'per', 'fifteen', 'same', 'unless', 'whole', 'others', 'there', 'former', 'than', 'seemed', 'serious', 'seem', 'made', 'this', 'did', 'someone', 'whoever', 'before', 'throughout', 'see', 'each', 'now', 'under', 'ca', 'often', 'always', 'out', 'am', 'nevertheless', 'therein', 'seeming', 'show', 'whereafter', 'yet', 'elsewhere', 'but', 'she', 'then', 'thus', 'on', 'hereupon', 'indeed', 'latterly', 'not', 'where', 'will', 'else', 'whatever', 'though', 'are', 'full', 'bottom', 'doing', 'he', 'herein', 'more', 'ourselves', 'was', 'with', 'since', 'other', 'three', 'as', 'together', 'first', 'get', 'please', 'ever', 'just', 'of', 'almost', 'anyone', 'eleven', 'whence', 'various', 'least', 'behind', 'everything', 'hers', 'itself', 'towards', 'they', 'whereas', 'alone', 'nine', 'herself', 'for', 'thereby', 'amount', 'within', 'by', 'us', 'in', 'up', 'moreover', 'twelve', 'except', 'can', 'its', 'seems', 'a', 'when', 'very', 'be', 'another', 'is', 'here', 'namely', 'really', 'themselves', 'thru', 'go', 'five', 'those', 'too', 'two', 'mine', 'their', 'top', 'no', 'across', 'never', 'however', 'quite', 'these', 'put', 'therefore', 'thereafter', 'only', 'after', 'further', 'do', 'any', 'sixty', 'his', 'many', 'otherwise', 'wherein', 'beside', 'at', 'forty', 'meanwhile', 'off', 'thereupon', 'yourself', 'part', 'whether', 'would', 'becoming', 'eight', 'hundred', 'may', 'noone', 'nowhere', 'everywhere', 'still', 'whose', 'anyhow', 'enough', 'among', 'front', 'cannot', 'been', 'might', 'over', 'so', 'whereupon', 'through', 'have', 'hereafter', 'about', 'well', 'amongst', 'an', 'my', 'much', 'even', 'without', 'move', 'hence', 'besides', 'again', 'becomes', 'down', 'around', 'anyway', 'whereby', 'own', 'ours', 'marriott']}",72,22,0.9492624784729878,1.0,0.9948503158472947
5,bankruptcy,lr,roc_auc,SentenceLemmas,"{'X_train': 1639             hard lockbox and spring cash management 
467     on each payment date during a trigger period t...
2173    all amount other than a reasonable minimum bal...
1955    notwithstanding anything contain in the mortga...
1999    upon borrower s write request upon the occurre...
                              ...                        
79      so long as no mortgage loan event of default b...
1645    an eligible account will not be evidence by a ...
23      during the continuance of a cash trap period o...
1004    the lender will because an account the excess ...
2183    as a result the lender s control over these re...
Name: SentenceLemmas, Length: 1596, dtype: object, 'X_test': 188     to the extent that a trigger period have occur...
1474    the deposit accounts be require to be maintain...
1799    subject to the mortgage loan agreement all fun...
867     in the event no marriott management period or ...
1191    the borrower will not alter or modify the cash...
                              ...                        
541      specified tenant cure conditions mean each of...
1310    on each payment date the borrower will be requ...
1548    if request by mortgage lender the borrower wil...
2200    during a cash trap period under the mortgage l...
1507    the borrower agree to notify the mortgage lend...
Name: SentenceLemmas, Length: 684, dtype: object, 'y_train': 1639    0
467     0
2173    0
1955    0
1999    0
       ..
79      0
1645    0
23      0
1004    0
2183    0
Name: bankruptcy, Length: 1596, dtype: int64, 'y_test': 188     0
1474    0
1799    0
867     0
1191    0
       ..
541     0
1310    0
1548    0
2200    0
1507    0
Name: bankruptcy, Length: 684, dtype: int64, 'indices_train': Int64Index([1639,  467, 2173, 1955, 1999,  364, 1526,  360, 1009, 2016,
            ...
             738,  317, 1919,  866, 1994,   79, 1645,   23, 1004, 2183],
           dtype='int64', length=1596), 'indices_test': Int64Index([ 188, 1474, 1799,  867, 1191, 1461, 1931, 1330, 1478,  518,
            ...
              19, 1850, 2184, 2171,  816,  541, 1310, 1548, 2200, 1507],
           dtype='int64', length=684)}","GridSearchCV(cv=3, error_score=nan,
             estimator=Pipeline(memory=None,
                                steps=[('cvec',
                                        CountVectorizer(analyzer='word',
                                                        binary=False,
                                                        decode_error='strict',
                                                        dtype=<class 'numpy.int64'>,
                                                        encoding='utf-8',
                                                        input='content',
                                                        lowercase=True,
                                                        max_df=1.0,
                                                        max_features=None,
                                                        min_df=1,
                                                        ngram_range=(1, 1),
                                                        preprocessor=None,
                                                        stop_words=None,
                                                        strip_accents=None,
                                                        token_pattern='(?u)...
                                               'be', 'for', 'with', 'that',
                                               'marriott'],
                                              ['six', 'the', 'afterwards',
                                               'into', 'few', 'somehow',
                                               'rather', 'either', 'her', 'you',
                                               'because', 'wherever', 'all',
                                               'from', 'every', 'does', 'if',
                                               'upon', 'twenty', 'using',
                                               'that', 'your', 'sometimes',
                                               'none', 'me', 'keep', 'most',
                                               'them', 'formerly', 're', ...]]},
             pre_dispatch='2*n_jobs', refit=True, return_train_score=False,
             scoring='roc_auc', verbose=0)","{'cvec__max_df': 0.99, 'cvec__max_features': 200, 'cvec__min_df': 2, 'cvec__ngram_range': (1, 5), 'cvec__stop_words': ['six', 'the', 'afterwards', 'into', 'few', 'somehow', 'rather', 'either', 'her', 'you', 'because', 'wherever', 'all', 'from', 'every', 'does', 'if', 'upon', 'twenty', 'using', 'that', 'your', 'sometimes', 'none', 'me', 'keep', 'most', 'them', 'formerly', 're', 'sometime', 'although', 'between', 'done', 'how', 'take', 'against', 'empty', 'could', 'somewhere', 'fifty', 'or', 'used', 'nothing', 'and', 'became', 'already', 'while', 'third', 'what', 'perhaps', 'several', 'something', 'via', 'everyone', 'anything', 'regarding', 'him', 'anywhere', 'give', 'himself', 'yourselves', 'also', 'beforehand', 'being', 'should', 'whither', 'to', 'why', 'were', 'make', 'myself', 'we', 'whom', 'who', 'below', 'call', 'back', 'some', 'such', 'has', 'during', 'last', 'thence', 'ten', 'which', 'until', 'one', 'side', 'once', 'four', 'i', 'nobody', 'our', 'must', 'nor', 'hereby', 'toward', 'whenever', 'above', 'both', 'it', 'yours', 'less', 'name', 'along', 'due', 'beyond', 'become', 'mostly', 'next', 'say', 'neither', 'latter', 'onto', 'had', 'per', 'fifteen', 'same', 'unless', 'whole', 'others', 'there', 'former', 'than', 'seemed', 'serious', 'seem', 'made', 'this', 'did', 'someone', 'whoever', 'before', 'throughout', 'see', 'each', 'now', 'under', 'ca', 'often', 'always', 'out', 'am', 'nevertheless', 'therein', 'seeming', 'show', 'whereafter', 'yet', 'elsewhere', 'but', 'she', 'then', 'thus', 'on', 'hereupon', 'indeed', 'latterly', 'not', 'where', 'will', 'else', 'whatever', 'though', 'are', 'full', 'bottom', 'doing', 'he', 'herein', 'more', 'ourselves', 'was', 'with', 'since', 'other', 'three', 'as', 'together', 'first', 'get', 'please', 'ever', 'just', 'of', 'almost', 'anyone', 'eleven', 'whence', 'various', 'least', 'behind', 'everything', 'hers', 'itself', 'towards', 'they', 'whereas', 'alone', 'nine', 'herself', 'for', 'thereby', 'amount', 'within', 'by', 'us', 'in', 'up', 'moreover', 'twelve', 'except', 'can', 'its', 'seems', 'a', 'when', 'very', 'be', 'another', 'is', 'here', 'namely', 'really', 'themselves', 'thru', 'go', 'five', 'those', 'too', 'two', 'mine', 'their', 'top', 'no', 'across', 'never', 'however', 'quite', 'these', 'put', 'therefore', 'thereafter', 'only', 'after', 'further', 'do', 'any', 'sixty', 'his', 'many', 'otherwise', 'wherein', 'beside', 'at', 'forty', 'meanwhile', 'off', 'thereupon', 'yourself', 'part', 'whether', 'would', 'becoming', 'eight', 'hundred', 'may', 'noone', 'nowhere', 'everywhere', 'still', 'whose', 'anyhow', 'enough', 'among', 'front', 'cannot', 'been', 'might', 'over', 'so', 'whereupon', 'through', 'have', 'hereafter', 'about', 'well', 'amongst', 'an', 'my', 'much', 'even', 'without', 'move', 'hence', 'besides', 'again', 'becomes', 'down', 'around', 'anyway', 'whereby', 'own', 'ours', 'marriott']}",44,13,0.8322792422203369,0.9998969390910027,0.9955290611028317
6,tenant_failure,lr,roc_auc,SentenceLemmas,"{'X_train': 558     follow the occurrence and prior to the expirat...
1497    amount so deposit be refer to as the replaceme...
216     on each business day the financial institution...
738     if on any loan payment date the amount in the ...
1885    provide no event of default have occur and be ...
                              ...                        
1685    all interest in the replacements reserve fund ...
283      trigger period mean a period a commence upon ...
1021    the lender have receive from the borrower a pl...
2043    during a cash sweep period available cash flow...
613     on each payment date during a trigger period t...
Name: SentenceLemmas, Length: 1596, dtype: object, 'X_test': 2054    provide no loan event of default be continue t...
2016    during a cash sweep period all excess cash flo...
1290    all fund derive from the operation of the mort...
474     the borrower be require to pay or because to b...
2269    tax and insurance reserves during a trigger pe...
                              ...                        
11       budget operating expense mean with respect to...
324      trigger period mean a period a commence upon ...
1370    if the amount of the condo assessments fund wi...
57      with respect to any sweep lease period in orde...
286     any amount deposit pursuant to the foregoing w...
Name: SentenceLemmas, Length: 684, dtype: object, 'y_train': 558     0
1497    0
216     0
738     0
1885    0
       ..
1685    0
283     0
1021    0
2043    0
613     0
Name: tenant_failure, Length: 1596, dtype: int64, 'y_test': 2054    0
2016    0
1290    0
474     0
2269    0
       ..
11      0
324     0
1370    0
57      0
286     0
Name: tenant_failure, Length: 684, dtype: int64, 'indices_train': Int64Index([ 558, 1497,  216,  738, 1885, 1062,  658,  798,  943,   59,
            ...
            1396, 1504, 1952,  552, 1766, 1685,  283, 1021, 2043,  613],
           dtype='int64', length=1596), 'indices_test': Int64Index([2054, 2016, 1290,  474, 2269, 1509,  879, 1658, 1098, 1945,
            ...
             842,  783, 1350, 1239, 1829,   11,  324, 1370,   57,  286],
           dtype='int64', length=684)}","GridSearchCV(cv=3, error_score=nan,
             estimator=Pipeline(memory=None,
                                steps=[('cvec',
                                        CountVectorizer(analyzer='word',
                                                        binary=False,
                                                        decode_error='strict',
                                                        dtype=<class 'numpy.int64'>,
                                                        encoding='utf-8',
                                                        input='content',
                                                        lowercase=True,
                                                        max_df=1.0,
                                                        max_features=None,
                                                        min_df=1,
                                                        ngram_range=(1, 1),
                                                        preprocessor=None,
                                                        stop_words=None,
                                                        strip_accents=None,
                                                        token_pattern='(?u)...
                                               'be', 'for', 'with', 'that',
                                               'marriott'],
                                              ['six', 'the', 'afterwards',
                                               'into', 'few', 'somehow',
                                               'rather', 'either', 'her', 'you',
                                               'because', 'wherever', 'all',
                                               'from', 'every', 'does', 'if',
                                               'upon', 'twenty', 'using',
                                               'that', 'your', 'sometimes',
                                               'none', 'me', 'keep', 'most',
                                               'them', 'formerly', 're', ...]]},
             pre_dispatch='2*n_jobs', refit=True, return_train_score=False,
             scoring='roc_auc', verbose=0)","{'cvec__max_df': 0.99, 'cvec__max_features': 200, 'cvec__min_df': 2, 'cvec__ngram_range': (1, 3), 'cvec__stop_words': ['the', 'and', 'a', 'to', 'it', 'be', 'for', 'with', 'that', 'marriott']}",74,22,0.9575376728707677,1.0,0.9998626750892612
7,renovations,lr,f1,SentenceLemmas,"{'X_train': 1132    see description of the mortgage loan tax and i...
248     if no trigger period exist such fund will be d...
1264            hard lockbox with spring cash management 
14      fund in the block account be apply a if no tri...
1100    if on any payment date the amount in the cash ...
                              ...                        
1820    during a cash management period all amount in ...
585     provide there be sufficient amount in the tax ...
467     on each payment date during a trigger period t...
2002    anything to the contrary herein or elsewhere n...
1326    any excess cash flow reserve funds remain on d...
Name: SentenceLemmas, Length: 1596, dtype: object, 'X_test': 686     monthly tax insurance reserve and ground rent ...
2177    the mortgage loan documents require the borrow...
904     the financial institution maintain the lockbox...
1875    provide no event of default under the mortgage...
1187    such financing statement may describe as the c...
                              ...                        
148     a trigger period mean i each period that comme...
149     the loan documents require the borrower to mai...
250     a trigger period will be continue i during an ...
492     a trigger period will be continue i during an ...
1654    the borrower be require to because the propert...
Name: SentenceLemmas, Length: 684, dtype: object, 'y_train': 1132    0
248     0
1264    0
14      0
1100    0
       ..
1820    0
585     0
467     0
2002    0
1326    0
Name: renovations, Length: 1596, dtype: int64, 'y_test': 686     0
2177    0
904     0
1875    0
1187    0
       ..
148     0
149     0
250     0
492     0
1654    0
Name: renovations, Length: 684, dtype: int64, 'indices_train': Int64Index([1132,  248, 1264,   14, 1100,  939, 1899,  717, 1411, 1382,
            ...
             919, 2226,   16, 1374, 2217, 1820,  585,  467, 2002, 1326],
           dtype='int64', length=1596), 'indices_test': Int64Index([ 686, 2177,  904, 1875, 1187, 1997, 2008,  947,   71, 1277,
            ...
              92, 1071, 1870, 1060, 1137,  148,  149,  250,  492, 1654],
           dtype='int64', length=684)}","GridSearchCV(cv=3, error_score=nan,
             estimator=Pipeline(memory=None,
                                steps=[('cvec',
                                        CountVectorizer(analyzer='word',
                                                        binary=False,
                                                        decode_error='strict',
                                                        dtype=<class 'numpy.int64'>,
                                                        encoding='utf-8',
                                                        input='content',
                                                        lowercase=True,
                                                        max_df=1.0,
                                                        max_features=None,
                                                        min_df=1,
                                                        ngram_range=(1, 1),
                                                        preprocessor=None,
                                                        stop_words=None,
                                                        strip_accents=None,
                                                        token_pattern='(?u)...
                                               'be', 'for', 'with', 'that',
                                               'marriott'],
                                              ['six', 'the', 'afterwards',
                                               'into', 'few', 'somehow',
                                               'rather', 'either', 'her', 'you',
                                               'because', 'wherever', 'all',
                                               'from', 'every', 'does', 'if',
                                               'upon', 'twenty', 'using',
                                               'that', 'your', 'sometimes',
                                               'none', 'me', 'keep', 'most',
                                               'them', 'formerly', 're', ...]]},
             pre_dispatch='2*n_jobs', refit=True, return_train_score=False,
             scoring='f1', verbose=0)","{'cvec__max_df': 0.99, 'cvec__max_features': 100, 'cvec__min_df': 2, 'cvec__ngram_range': (1, 2), 'cvec__stop_words': ['six', 'the', 'afterwards', 'into', 'few', 'somehow', 'rather', 'either', 'her', 'you', 'because', 'wherever', 'all', 'from', 'every', 'does', 'if', 'upon', 'twenty', 'using', 'that', 'your', 'sometimes', 'none', 'me', 'keep', 'most', 'them', 'formerly', 're', 'sometime', 'although', 'between', 'done', 'how', 'take', 'against', 'empty', 'could', 'somewhere', 'fifty', 'or', 'used', 'nothing', 'and', 'became', 'already', 'while', 'third', 'what', 'perhaps', 'several', 'something', 'via', 'everyone', 'anything', 'regarding', 'him', 'anywhere', 'give', 'himself', 'yourselves', 'also', 'beforehand', 'being', 'should', 'whither', 'to', 'why', 'were', 'make', 'myself', 'we', 'whom', 'who', 'below', 'call', 'back', 'some', 'such', 'has', 'during', 'last', 'thence', 'ten', 'which', 'until', 'one', 'side', 'once', 'four', 'i', 'nobody', 'our', 'must', 'nor', 'hereby', 'toward', 'whenever', 'above', 'both', 'it', 'yours', 'less', 'name', 'along', 'due', 'beyond', 'become', 'mostly', 'next', 'say', 'neither', 'latter', 'onto', 'had', 'per', 'fifteen', 'same', 'unless', 'whole', 'others', 'there', 'former', 'than', 'seemed', 'serious', 'seem', 'made', 'this', 'did', 'someone', 'whoever', 'before', 'throughout', 'see', 'each', 'now', 'under', 'ca', 'often', 'always', 'out', 'am', 'nevertheless', 'therein', 'seeming', 'show', 'whereafter', 'yet', 'elsewhere', 'but', 'she', 'then', 'thus', 'on', 'hereupon', 'indeed', 'latterly', 'not', 'where', 'will', 'else', 'whatever', 'though', 'are', 'full', 'bottom', 'doing', 'he', 'herein', 'more', 'ourselves', 'was', 'with', 'since', 'other', 'three', 'as', 'together', 'first', 'get', 'please', 'ever', 'just', 'of', 'almost', 'anyone', 'eleven', 'whence', 'various', 'least', 'behind', 'everything', 'hers', 'itself', 'towards', 'they', 'whereas', 'alone', 'nine', 'herself', 'for', 'thereby', 'amount', 'within', 'by', 'us', 'in', 'up', 'moreover', 'twelve', 'except', 'can', 'its', 'seems', 'a', 'when', 'very', 'be', 'another', 'is', 'here', 'namely', 'really', 'themselves', 'thru', 'go', 'five', 'those', 'too', 'two', 'mine', 'their', 'top', 'no', 'across', 'never', 'however', 'quite', 'these', 'put', 'therefore', 'thereafter', 'only', 'after', 'further', 'do', 'any', 'sixty', 'his', 'many', 'otherwise', 'wherein', 'beside', 'at', 'forty', 'meanwhile', 'off', 'thereupon', 'yourself', 'part', 'whether', 'would', 'becoming', 'eight', 'hundred', 'may', 'noone', 'nowhere', 'everywhere', 'still', 'whose', 'anyhow', 'enough', 'among', 'front', 'cannot', 'been', 'might', 'over', 'so', 'whereupon', 'through', 'have', 'hereafter', 'about', 'well', 'amongst', 'an', 'my', 'much', 'even', 'without', 'move', 'hence', 'besides', 'again', 'becomes', 'down', 'around', 'anyway', 'whereby', 'own', 'ours', 'marriott']}",26,8,0.7555555555555555,0.8888888888888888,0.9333333333333333
8,aggregate_debt_yield_fall,lr,f1,SentenceLemmas,"{'X_train': 1674    the mortgage lender will make disbursement fro...
1929    during a cash management period so long as no ...
2034    with respect to any such disbursement the mort...
1256    the lender will not be require to disburse exc...
430     additionally if at any time during a trigger p...
                              ...                        
505     a specified tenant trigger period have the mea...
1398    if request by mortgage lender the borrower wil...
1212    the borrower be require to notify the lender p...
824     any balance remain in the ground rent reserve ...
819     the lender may require the borrower to fund a ...
Name: SentenceLemmas, Length: 1596, dtype: object, 'X_test': 158     provide that no mortgage loan event of default...
1837    under the term of the mortgage loan documents ...
832     on the origination date the borrower remit to ...
312     any excess cash flow fund remain in the excess...
405     mortgage lender agree that if an event of defa...
                              ...                        
1626     replacements monthly deposit mean an amount e...
1517     account mean the cash management account the ...
992     see description of the mortgage loan reserve a...
224     notwithstanding the foregoing so long as no ev...
434      specified tenant cure conditions mean each of...
Name: SentenceLemmas, Length: 684, dtype: object, 'y_train': 1674    0
1929    0
2034    0
1256    0
430     0
       ..
505     0
1398    0
1212    0
824     0
819     0
Name: aggregate_debt_yield_fall, Length: 1596, dtype: int64, 'y_test': 158     0
1837    0
832     0
312     0
405     0
       ..
1626    0
1517    0
992     0
224     0
434     0
Name: aggregate_debt_yield_fall, Length: 684, dtype: int64, 'indices_train': Int64Index([1674, 1929, 2034, 1256,  430, 2178,  618, 1972,  646, 1264,
            ...
            1893,  555,  840,  661, 1392,  505, 1398, 1212,  824,  819],
           dtype='int64', length=1596), 'indices_test': Int64Index([ 158, 1837,  832,  312,  405,  124,  931,  679, 1339, 2161,
            ...
            1189,  189, 1999, 2014, 1991, 1626, 1517,  992,  224,  434],
           dtype='int64', length=684)}","GridSearchCV(cv=3, error_score=nan,
             estimator=Pipeline(memory=None,
                                steps=[('cvec',
                                        CountVectorizer(analyzer='word',
                                                        binary=False,
                                                        decode_error='strict',
                                                        dtype=<class 'numpy.int64'>,
                                                        encoding='utf-8',
                                                        input='content',
                                                        lowercase=True,
                                                        max_df=1.0,
                                                        max_features=None,
                                                        min_df=1,
                                                        ngram_range=(1, 1),
                                                        preprocessor=None,
                                                        stop_words=None,
                                                        strip_accents=None,
                                                        token_pattern='(?u)...
                                               'be', 'for', 'with', 'that',
                                               'marriott'],
                                              ['six', 'the', 'afterwards',
                                               'into', 'few', 'somehow',
                                               'rather', 'either', 'her', 'you',
                                               'because', 'wherever', 'all',
                                               'from', 'every', 'does', 'if',
                                               'upon', 'twenty', 'using',
                                               'that', 'your', 'sometimes',
                                               'none', 'me', 'keep', 'most',
                                               'them', 'formerly', 're', ...]]},
             pre_dispatch='2*n_jobs', refit=True, return_train_score=False,
             scoring='f1', verbose=0)","{'cvec__max_df': 0.99, 'cvec__max_features': 600, 'cvec__min_df': 2, 'cvec__ngram_range': (1, 3), 'cvec__stop_words': ['the', 'and', 'a', 'to', 'it', 'be', 'for', 'with', 'that', 'marriott']}",19,6,0.546031746031746,1.0,0.8
9,dscr_fall,lr,f1,SentenceLemmas,"{'X_train': 1324    upon the write request of mortgage lender borr...
1823    the mortgage loan document require the borrowe...
49      in the absence of a trigger period as define h...
576     upon the commencement of any reserve waiver re...
1881     low debt yield sweep period mean the period c...
                              ...                        
545     during a trigger period all excess cash after ...
242     a low debt yield trigger period will commence ...
568     if the requirement of clause a through f above...
1768    the borrower be permit to cure or prevent a ca...
311     prior to the occurrence of certain transaction...
Name: SentenceLemmas, Length: 1596, dtype: object, 'X_test': 1748    the mortgage lender will disburse amount from ...
1524    with respect to each property i the applicable...
1527    accordingly in the event of the bankruptcy of ...
1728    the borrower be require to because the propert...
649      debt yield trigger level mean i prior to the ...
                              ...                        
2239     cash trap period be deem to be continue i upo...
364     under the term of the mortgage loan agreement ...
1382    see description of the mortgage loan cash mana...
824     any balance remain in the ground rent reserve ...
637     cash management trigger i the occurrence of a ...
Name: SentenceLemmas, Length: 684, dtype: object, 'y_train': 1324    0
1823    0
49      0
576     0
1881    0
       ..
545     0
242     0
568     0
1768    0
311     0
Name: dscr_fall, Length: 1596, dtype: int64, 'y_test': 1748    0
1524    0
1527    0
1728    0
649     0
       ..
2239    0
364     0
1382    0
824     0
637     0
Name: dscr_fall, Length: 684, dtype: int64, 'indices_train': Int64Index([1324, 1823,   49,  576, 1881,  163, 1440, 1855,  227, 1503,
            ...
            1107, 2201, 1418,  681, 1707,  545,  242,  568, 1768,  311],
           dtype='int64', length=1596), 'indices_test': Int64Index([1748, 1524, 1527, 1728,  649,   47, 1234,  313, 1875,  794,
            ...
            1805,   53,  919, 2250, 1377, 2239,  364, 1382,  824,  637],
           dtype='int64', length=684)}","GridSearchCV(cv=3, error_score=nan,
             estimator=Pipeline(memory=None,
                                steps=[('cvec',
                                        CountVectorizer(analyzer='word',
                                                        binary=False,
                                                        decode_error='strict',
                                                        dtype=<class 'numpy.int64'>,
                                                        encoding='utf-8',
                                                        input='content',
                                                        lowercase=True,
                                                        max_df=1.0,
                                                        max_features=None,
                                                        min_df=1,
                                                        ngram_range=(1, 1),
                                                        preprocessor=None,
                                                        stop_words=None,
                                                        strip_accents=None,
                                                        token_pattern='(?u)...
                                               'be', 'for', 'with', 'that',
                                               'marriott'],
                                              ['six', 'the', 'afterwards',
                                               'into', 'few', 'somehow',
                                               'rather', 'either', 'her', 'you',
                                               'because', 'wherever', 'all',
                                               'from', 'every', 'does', 'if',
                                               'upon', 'twenty', 'using',
                                               'that', 'your', 'sometimes',
                                               'none', 'me', 'keep', 'most',
                                               'them', 'formerly', 're', ...]]},
             pre_dispatch='2*n_jobs', refit=True, return_train_score=False,
             scoring='f1', verbose=0)","{'cvec__max_df': 0.99, 'cvec__max_features': 1000, 'cvec__min_df': 2, 'cvec__ngram_range': (1, 2), 'cvec__stop_words': ['six', 'the', 'afterwards', 'into', 'few', 'somehow', 'rather', 'either', 'her', 'you', 'because', 'wherever', 'all', 'from', 'every', 'does', 'if', 'upon', 'twenty', 'using', 'that', 'your', 'sometimes', 'none', 'me', 'keep', 'most', 'them', 'formerly', 're', 'sometime', 'although', 'between', 'done', 'how', 'take', 'against', 'empty', 'could', 'somewhere', 'fifty', 'or', 'used', 'nothing', 'and', 'became', 'already', 'while', 'third', 'what', 'perhaps', 'several', 'something', 'via', 'everyone', 'anything', 'regarding', 'him', 'anywhere', 'give', 'himself', 'yourselves', 'also', 'beforehand', 'being', 'should', 'whither', 'to', 'why', 'were', 'make', 'myself', 'we', 'whom', 'who', 'below', 'call', 'back', 'some', 'such', 'has', 'during', 'last', 'thence', 'ten', 'which', 'until', 'one', 'side', 'once', 'four', 'i', 'nobody', 'our', 'must', 'nor', 'hereby', 'toward', 'whenever', 'above', 'both', 'it', 'yours', 'less', 'name', 'along', 'due', 'beyond', 'become', 'mostly', 'next', 'say', 'neither', 'latter', 'onto', 'had', 'per', 'fifteen', 'same', 'unless', 'whole', 'others', 'there', 'former', 'than', 'seemed', 'serious', 'seem', 'made', 'this', 'did', 'someone', 'whoever', 'before', 'throughout', 'see', 'each', 'now', 'under', 'ca', 'often', 'always', 'out', 'am', 'nevertheless', 'therein', 'seeming', 'show', 'whereafter', 'yet', 'elsewhere', 'but', 'she', 'then', 'thus', 'on', 'hereupon', 'indeed', 'latterly', 'not', 'where', 'will', 'else', 'whatever', 'though', 'are', 'full', 'bottom', 'doing', 'he', 'herein', 'more', 'ourselves', 'was', 'with', 'since', 'other', 'three', 'as', 'together', 'first', 'get', 'please', 'ever', 'just', 'of', 'almost', 'anyone', 'eleven', 'whence', 'various', 'least', 'behind', 'everything', 'hers', 'itself', 'towards', 'they', 'whereas', 'alone', 'nine', 'herself', 'for', 'thereby', 'amount', 'within', 'by', 'us', 'in', 'up', 'moreover', 'twelve', 'except', 'can', 'its', 'seems', 'a', 'when', 'very', 'be', 'another', 'is', 'here', 'namely', 'really', 'themselves', 'thru', 'go', 'five', 'those', 'too', 'two', 'mine', 'their', 'top', 'no', 'across', 'never', 'however', 'quite', 'these', 'put', 'therefore', 'thereafter', 'only', 'after', 'further', 'do', 'any', 'sixty', 'his', 'many', 'otherwise', 'wherein', 'beside', 'at', 'forty', 'meanwhile', 'off', 'thereupon', 'yourself', 'part', 'whether', 'would', 'becoming', 'eight', 'hundred', 'may', 'noone', 'nowhere', 'everywhere', 'still', 'whose', 'anyhow', 'enough', 'among', 'front', 'cannot', 'been', 'might', 'over', 'so', 'whereupon', 'through', 'have', 'hereafter', 'about', 'well', 'amongst', 'an', 'my', 'much', 'even', 'without', 'move', 'hence', 'besides', 'again', 'becomes', 'down', 'around', 'anyway', 'whereby', 'own', 'ours', 'marriott']}",23,7,0.6166666666666667,1.0,0.75
10,operator_termination,lr,f1,SentenceLemmas,"{'X_train': 1271    the follow reserve be require to be fund by th...
1804     cash management period be deem to a commence ...
1161    other than in connection with the mortgage loa...
1088    the borrower have no right to make withdrawal ...
488     the whole loan be structure with a hard lockbo...
                              ...                        
2001     cash trap event cure mean in each case provid...
1291    withdrawal from such operating account be to b...
819     the lender may require the borrower to fund a ...
1425           see loan term herein for more information 
1323    any such request for disbursement be require t...
Name: SentenceLemmas, Length: 1596, dtype: object, 'X_test': 1457     ground lease mean those certain ground lease ...
1527    accordingly in the event of the bankruptcy of ...
671     during the continuance of a mortgage loan even...
1780    upon the first occurrence of a cash sweep even...
1318    mortgage lender be not require to make disburs...
                              ...                        
396     any fund remain in the reserve account establi...
2055    provide no loan event of default be continue i...
1737     guarantor financial covenants mean those mini...
2112    provide no mortgage loan event of default exis...
257      debt yield trigger event cure mean i that the...
Name: SentenceLemmas, Length: 684, dtype: object, 'y_train': 1271    0
1804    0
1161    0
1088    0
488     0
       ..
2001    0
1291    0
819     0
1425    0
1323    0
Name: operator_termination, Length: 1596, dtype: int64, 'y_test': 1457    0
1527    0
671     0
1780    0
1318    0
       ..
396     0
2055    0
1737    0
2112    0
257     0
Name: operator_termination, Length: 684, dtype: int64, 'indices_train': Int64Index([1271, 1804, 1161, 1088,  488, 1147, 1391,  210,  847, 1889,
            ...
            1910,  273,  658,  957,  391, 2001, 1291,  819, 1425, 1323],
           dtype='int64', length=1596), 'indices_test': Int64Index([1457, 1527,  671, 1780, 1318, 1867, 1030, 1758, 1843, 2178,
            ...
            1770, 2264, 2076,  470,  800,  396, 2055, 1737, 2112,  257],
           dtype='int64', length=684)}","GridSearchCV(cv=3, error_score=nan,
             estimator=Pipeline(memory=None,
                                steps=[('cvec',
                                        CountVectorizer(analyzer='word',
                                                        binary=False,
                                                        decode_error='strict',
                                                        dtype=<class 'numpy.int64'>,
                                                        encoding='utf-8',
                                                        input='content',
                                                        lowercase=True,
                                                        max_df=1.0,
                                                        max_features=None,
                                                        min_df=1,
                                                        ngram_range=(1, 1),
                                                        preprocessor=None,
                                                        stop_words=None,
                                                        strip_accents=None,
                                                        token_pattern='(?u)...
                                               'be', 'for', 'with', 'that',
                                               'marriott'],
                                              ['six', 'the', 'afterwards',
                                               'into', 'few', 'somehow',
                                               'rather', 'either', 'her', 'you',
                                               'because', 'wherever', 'all',
                                               'from', 'every', 'does', 'if',
                                               'upon', 'twenty', 'using',
                                               'that', 'your', 'sometimes',
                                               'none', 'me', 'keep', 'most',
                                               'them', 'formerly', 're', ...]]},
             pre_dispatch='2*n_jobs', refit=True, return_train_score=False,
             scoring='f1', verbose=0)","{'cvec__max_df': 0.99, 'cvec__max_features': 1000, 'cvec__min_df': 2, 'cvec__ngram_range': (1, 3), 'cvec__stop_words': ['six', 'the', 'afterwards', 'into', 'few', 'somehow', 'rather', 'either', 'her', 'you', 'because', 'wherever', 'all', 'from', 'every', 'does', 'if', 'upon', 'twenty', 'using', 'that', 'your', 'sometimes', 'none', 'me', 'keep', 'most', 'them', 'formerly', 're', 'sometime', 'although', 'between', 'done', 'how', 'take', 'against', 'empty', 'could', 'somewhere', 'fifty', 'or', 'used', 'nothing', 'and', 'became', 'already', 'while', 'third', 'what', 'perhaps', 'several', 'something', 'via', 'everyone', 'anything', 'regarding', 'him', 'anywhere', 'give', 'himself', 'yourselves', 'also', 'beforehand', 'being', 'should', 'whither', 'to', 'why', 'were', 'make', 'myself', 'we', 'whom', 'who', 'below', 'call', 'back', 'some', 'such', 'has', 'during', 'last', 'thence', 'ten', 'which', 'until', 'one', 'side', 'once', 'four', 'i', 'nobody', 'our', 'must', 'nor', 'hereby', 'toward', 'whenever', 'above', 'both', 'it', 'yours', 'less', 'name', 'along', 'due', 'beyond', 'become', 'mostly', 'next', 'say', 'neither', 'latter', 'onto', 'had', 'per', 'fifteen', 'same', 'unless', 'whole', 'others', 'there', 'former', 'than', 'seemed', 'serious', 'seem', 'made', 'this', 'did', 'someone', 'whoever', 'before', 'throughout', 'see', 'each', 'now', 'under', 'ca', 'often', 'always', 'out', 'am', 'nevertheless', 'therein', 'seeming', 'show', 'whereafter', 'yet', 'elsewhere', 'but', 'she', 'then', 'thus', 'on', 'hereupon', 'indeed', 'latterly', 'not', 'where', 'will', 'else', 'whatever', 'though', 'are', 'full', 'bottom', 'doing', 'he', 'herein', 'more', 'ourselves', 'was', 'with', 'since', 'other', 'three', 'as', 'together', 'first', 'get', 'please', 'ever', 'just', 'of', 'almost', 'anyone', 'eleven', 'whence', 'various', 'least', 'behind', 'everything', 'hers', 'itself', 'towards', 'they', 'whereas', 'alone', 'nine', 'herself', 'for', 'thereby', 'amount', 'within', 'by', 'us', 'in', 'up', 'moreover', 'twelve', 'except', 'can', 'its', 'seems', 'a', 'when', 'very', 'be', 'another', 'is', 'here', 'namely', 'really', 'themselves', 'thru', 'go', 'five', 'those', 'too', 'two', 'mine', 'their', 'top', 'no', 'across', 'never', 'however', 'quite', 'these', 'put', 'therefore', 'thereafter', 'only', 'after', 'further', 'do', 'any', 'sixty', 'his', 'many', 'otherwise', 'wherein', 'beside', 'at', 'forty', 'meanwhile', 'off', 'thereupon', 'yourself', 'part', 'whether', 'would', 'becoming', 'eight', 'hundred', 'may', 'noone', 'nowhere', 'everywhere', 'still', 'whose', 'anyhow', 'enough', 'among', 'front', 'cannot', 'been', 'might', 'over', 'so', 'whereupon', 'through', 'have', 'hereafter', 'about', 'well', 'amongst', 'an', 'my', 'much', 'even', 'without', 'move', 'hence', 'besides', 'again', 'becomes', 'down', 'around', 'anyway', 'whereby', 'own', 'ours', 'marriott']}",17,5,0.434920634920635,0.9565217391304348,0.8000000000000002
11,sponsor_termination,lr,f1,SentenceLemmas,"{'X_train': 2089    a trigger period as more fully define under de...
1028    the related loan documents require the borrowe...
801     on each business day the financial institution...
807     the lender be require to maintain an account f...
1711     cash management agreement mean that certain c...
                              ...                        
480     additionally if at any time during a trigger p...
339     during a cash trap period the borrower be requ...
2039    cash sweep period a cash sweep period will com...
2169     specified tenant trigger period mean a the ba...
1360     insurance payment date mean with respect to a...
Name: SentenceLemmas, Length: 1596, dtype: object, 'X_test': 1963     deferred management fee calculation period me...
1495     minimum disbursement amount mean twenty five ...
121      cash sweep event mean the occurrence of a a m...
713     upon the occurrence and during the continuance...
1025     lockbox bank mean wells fargo bank national a...
                              ...                        
2046    on each monthly payment date prior to the anti...
155     if at any time during the continuance of a tri...
227     on each monthly payment date the borrower be r...
1833     debt yield trigger event mean that as of any ...
774     the borrower have establish a separate account...
Name: SentenceLemmas, Length: 684, dtype: object, 'y_train': 2089    0
1028    0
801     0
807     0
1711    0
       ..
480     0
339     0
2039    0
2169    0
1360    0
Name: sponsor_termination, Length: 1596, dtype: int64, 'y_test': 1963    0
1495    0
121     0
713     0
1025    0
       ..
2046    0
155     0
227     0
1833    0
774     0
Name: sponsor_termination, Length: 684, dtype: int64, 'indices_train': Int64Index([2089, 1028,  801,  807, 1711, 1239,  461, 2233, 1394,  778,
            ...
            1558, 2186, 2016,  942, 1935,  480,  339, 2039, 2169, 1360],
           dtype='int64', length=1596), 'indices_test': Int64Index([1963, 1495,  121,  713, 1025,  165, 1279, 2191, 1197,  535,
            ...
            1466,  200,  618, 1206,  609, 2046,  155,  227, 1833,  774],
           dtype='int64', length=684)}","GridSearchCV(cv=3, error_score=nan,
             estimator=Pipeline(memory=None,
                                steps=[('cvec',
                                        CountVectorizer(analyzer='word',
                                                        binary=False,
                                                        decode_error='strict',
                                                        dtype=<class 'numpy.int64'>,
                                                        encoding='utf-8',
                                                        input='content',
                                                        lowercase=True,
                                                        max_df=1.0,
                                                        max_features=None,
                                                        min_df=1,
                                                        ngram_range=(1, 1),
                                                        preprocessor=None,
                                                        stop_words=None,
                                                        strip_accents=None,
                                                        token_pattern='(?u)...
                                               'be', 'for', 'with', 'that',
                                               'marriott'],
                                              ['six', 'the', 'afterwards',
                                               'into', 'few', 'somehow',
                                               'rather', 'either', 'her', 'you',
                                               'because', 'wherever', 'all',
                                               'from', 'every', 'does', 'if',
                                               'upon', 'twenty', 'using',
                                               'that', 'your', 'sometimes',
                                               'none', 'me', 'keep', 'most',
                                               'them', 'formerly', 're', ...]]},
             pre_dispatch='2*n_jobs', refit=True, return_train_score=False,
             scoring='f1', verbose=0)","{'cvec__max_df': 0.99, 'cvec__max_features': 1000, 'cvec__min_df': 2, 'cvec__ngram_range': (1, 2), 'cvec__stop_words': ['six', 'the', 'afterwards', 'into', 'few', 'somehow', 'rather', 'either', 'her', 'you', 'because', 'wherever', 'all', 'from', 'every', 'does', 'if', 'upon', 'twenty', 'using', 'that', 'your', 'sometimes', 'none', 'me', 'keep', 'most', 'them', 'formerly', 're', 'sometime', 'although', 'between', 'done', 'how', 'take', 'against', 'empty', 'could', 'somewhere', 'fifty', 'or', 'used', 'nothing', 'and', 'became', 'already', 'while', 'third', 'what', 'perhaps', 'several', 'something', 'via', 'everyone', 'anything', 'regarding', 'him', 'anywhere', 'give', 'himself', 'yourselves', 'also', 'beforehand', 'being', 'should', 'whither', 'to', 'why', 'were', 'make', 'myself', 'we', 'whom', 'who', 'below', 'call', 'back', 'some', 'such', 'has', 'during', 'last', 'thence', 'ten', 'which', 'until', 'one', 'side', 'once', 'four', 'i', 'nobody', 'our', 'must', 'nor', 'hereby', 'toward', 'whenever', 'above', 'both', 'it', 'yours', 'less', 'name', 'along', 'due', 'beyond', 'become', 'mostly', 'next', 'say', 'neither', 'latter', 'onto', 'had', 'per', 'fifteen', 'same', 'unless', 'whole', 'others', 'there', 'former', 'than', 'seemed', 'serious', 'seem', 'made', 'this', 'did', 'someone', 'whoever', 'before', 'throughout', 'see', 'each', 'now', 'under', 'ca', 'often', 'always', 'out', 'am', 'nevertheless', 'therein', 'seeming', 'show', 'whereafter', 'yet', 'elsewhere', 'but', 'she', 'then', 'thus', 'on', 'hereupon', 'indeed', 'latterly', 'not', 'where', 'will', 'else', 'whatever', 'though', 'are', 'full', 'bottom', 'doing', 'he', 'herein', 'more', 'ourselves', 'was', 'with', 'since', 'other', 'three', 'as', 'together', 'first', 'get', 'please', 'ever', 'just', 'of', 'almost', 'anyone', 'eleven', 'whence', 'various', 'least', 'behind', 'everything', 'hers', 'itself', 'towards', 'they', 'whereas', 'alone', 'nine', 'herself', 'for', 'thereby', 'amount', 'within', 'by', 'us', 'in', 'up', 'moreover', 'twelve', 'except', 'can', 'its', 'seems', 'a', 'when', 'very', 'be', 'another', 'is', 'here', 'namely', 'really', 'themselves', 'thru', 'go', 'five', 'those', 'too', 'two', 'mine', 'their', 'top', 'no', 'across', 'never', 'however', 'quite', 'these', 'put', 'therefore', 'thereafter', 'only', 'after', 'further', 'do', 'any', 'sixty', 'his', 'many', 'otherwise', 'wherein', 'beside', 'at', 'forty', 'meanwhile', 'off', 'thereupon', 'yourself', 'part', 'whether', 'would', 'becoming', 'eight', 'hundred', 'may', 'noone', 'nowhere', 'everywhere', 'still', 'whose', 'anyhow', 'enough', 'among', 'front', 'cannot', 'been', 'might', 'over', 'so', 'whereupon', 'through', 'have', 'hereafter', 'about', 'well', 'amongst', 'an', 'my', 'much', 'even', 'without', 'move', 'hence', 'besides', 'again', 'becomes', 'down', 'around', 'anyway', 'whereby', 'own', 'ours', 'marriott']}",14,4,0.3571428571428572,1.0,0.8571428571428571
12,sff,lr,f1,SentenceLemmas,"{'X_train': 2139    the mortgage loan documents require the borrow...
65      a hotel operating agreement cure event will oc...
1116    see description of the mortgage loan reserve a...
1652    interest accrue if any on the reserve fund wil...
102     notwithstanding the foregoing the borrower wil...
                              ...                        
995     there be a risk that the borrower or a propert...
1934    if such documentation relate to the pbo taxes ...
1676    all sum so expend by the mortgage lender to th...
1492    the borrower be require to perform or because ...
1764     cash sweep period mean each period commence o...
Name: SentenceLemmas, Length: 1596, dtype: object, 'X_test': 626     the borrower be require to pay or because to b...
1432     priority waterfall payments mean the first se...
133     provide no mortgage loan event of default exis...
2257    the aggregate amount of scheduled pip reserve ...
497      default trigger period mean a period a commen...
                              ...                        
1474    the deposit accounts be require to be maintain...
2106    upon the cessation of a trigger period all ins...
869     the loan document require that the cash manage...
1185    the borrower grant to the lender a first prior...
1456    provide there be sufficient amount in the grou...
Name: SentenceLemmas, Length: 684, dtype: object, 'y_train': 2139    0
65      0
1116    0
1652    0
102     0
       ..
995     0
1934    0
1676    0
1492    0
1764    0
Name: sff, Length: 1596, dtype: int64, 'y_test': 626     0
1432    0
133     0
2257    0
497     0
       ..
1474    0
2106    0
869     0
1185    0
1456    0
Name: sff, Length: 684, dtype: int64, 'indices_train': Int64Index([2139,   65, 1116, 1652,  102, 1769,  606,  261,  281,  873,
            ...
             525,  706,  464,  506,  128,  995, 1934, 1676, 1492, 1764],
           dtype='int64', length=1596), 'indices_test': Int64Index([ 626, 1432,  133, 2257,  497,  226,  892,   66, 1720, 1340,
            ...
             549, 1937,  346,  557,  773, 1474, 2106,  869, 1185, 1456],
           dtype='int64', length=684)}","GridSearchCV(cv=3, error_score=nan,
             estimator=Pipeline(memory=None,
                                steps=[('cvec',
                                        CountVectorizer(analyzer='word',
                                                        binary=False,
                                                        decode_error='strict',
                                                        dtype=<class 'numpy.int64'>,
                                                        encoding='utf-8',
                                                        input='content',
                                                        lowercase=True,
                                                        max_df=1.0,
                                                        max_features=None,
                                                        min_df=1,
                                                        ngram_range=(1, 1),
                                                        preprocessor=None,
                                                        stop_words=None,
                                                        strip_accents=None,
                                                        token_pattern='(?u)...
                                               'be', 'for', 'with', 'that',
                                               'marriott'],
                                              ['six', 'the', 'afterwards',
                                               'into', 'few', 'somehow',
                                               'rather', 'either', 'her', 'you',
                                               'because', 'wherever', 'all',
                                               'from', 'every', 'does', 'if',
                                               'upon', 'twenty', 'using',
                                               'that', 'your', 'sometimes',
                                               'none', 'me', 'keep', 'most',
                                               'them', 'formerly', 're', ...]]},
             pre_dispatch='2*n_jobs', refit=True, return_train_score=False,
             scoring='f1', verbose=0)","{'cvec__max_df': 0.99, 'cvec__max_features': 100, 'cvec__min_df': 2, 'cvec__ngram_range': (1, 2), 'cvec__stop_words': ['the', 'and', 'a', 'to', 'it', 'be', 'for', 'with', 'that', 'marriott']}",9,3,0.2222222222222222,0.8,0.0
13,mezzanine_outstanding,lr,f1,SentenceLemmas,"{'X_train': 1840    the mortgage lender will not be obligate to di...
1924    notwithstanding the foregoing borrower s oblig...
1392    in addition to the foregoing actual out of poc...
1141     replacement reserve monthly deposit mean for ...
619     on each payment date occur on and after the oc...
                              ...                        
1684    the account in which the replacements reserve ...
1080    the lender will maintain a book entry subaccou...
1133    the borrower have establish and during the ter...
943     as of the origination date the deposit account...
491     during a trigger period all excess cash after ...
Name: SentenceLemmas, Length: 1596, dtype: object, 'X_test': 1032    the pool c borrower be require to establish a ...
1562    if the amount of the ground rent funds will ex...
138     upon the occurrence of a lockbox trigger event...
607     if the requirement of low cash flow period thr...
1212    the borrower be require to notify the lender p...
                              ...                        
323     provide no event of default have occur and be ...
1136    the borrower have grant the mortgage lender a ...
1071    see description of the mortgage loan reserve a...
1814    during any cash management period the borrower...
369     prior to a cash trap period all sum deposit in...
Name: SentenceLemmas, Length: 684, dtype: object, 'y_train': 1840    0
1924    0
1392    0
1141    0
619     0
       ..
1684    0
1080    0
1133    0
943     0
491     0
Name: mezzanine_outstanding, Length: 1596, dtype: int64, 'y_test': 1032    0
1562    0
138     0
607     0
1212    0
       ..
323     0
1136    0
1071    0
1814    0
369     0
Name: mezzanine_outstanding, Length: 684, dtype: int64, 'indices_train': Int64Index([1840, 1924, 1392, 1141,  619, 2218,  723, 2127, 2085,  705,
            ...
             765, 1805, 1700, 1059, 1644, 1684, 1080, 1133,  943,  491],
           dtype='int64', length=1596), 'indices_test': Int64Index([1032, 1562,  138,  607, 1212,  868,  877,  251, 1030,  702,
            ...
             737,  849,  335,   24, 1796,  323, 1136, 1071, 1814,  369],
           dtype='int64', length=684)}","GridSearchCV(cv=3, error_score=nan,
             estimator=Pipeline(memory=None,
                                steps=[('cvec',
                                        CountVectorizer(analyzer='word',
                                                        binary=False,
                                                        decode_error='strict',
                                                        dtype=<class 'numpy.int64'>,
                                                        encoding='utf-8',
                                                        input='content',
                                                        lowercase=True,
                                                        max_df=1.0,
                                                        max_features=None,
                                                        min_df=1,
                                                        ngram_range=(1, 1),
                                                        preprocessor=None,
                                                        stop_words=None,
                                                        strip_accents=None,
                                                        token_pattern='(?u)...
                                               'be', 'for', 'with', 'that',
                                               'marriott'],
                                              ['six', 'the', 'afterwards',
                                               'into', 'few', 'somehow',
                                               'rather', 'either', 'her', 'you',
                                               'because', 'wherever', 'all',
                                               'from', 'every', 'does', 'if',
                                               'upon', 'twenty', 'using',
                                               'that', 'your', 'sometimes',
                                               'none', 'me', 'keep', 'most',
                                               'them', 'formerly', 're', ...]]},
             pre_dispatch='2*n_jobs', refit=True, return_train_score=False,
             scoring='f1', verbose=0)","{'cvec__max_df': 0.99, 'cvec__max_features': 400, 'cvec__min_df': 2, 'cvec__ngram_range': (1, 4), 'cvec__stop_words': ['the', 'and', 'a', 'to', 'it', 'be', 'for', 'with', 'that', 'marriott']}",8,2,0.38888888888888884,0.9090909090909091,0.0
14,aggregate_dscr_fall,lr,f1,SentenceLemmas,"{'X_train': 1837    under the term of the mortgage loan documents ...
1921     cash trap event mean a the occurrence of any ...
1386     priority waterfall payments mean the first se...
1135    as of the origination date all rent from each ...
613     on each payment date during a trigger period t...
                              ...                        
1678    the insufficiency of any balance in the requir...
1074    upon the occurrence of a casualty or condemnat...
1127    the borrower have establish and be require to ...
937     an account establish by the borrower in trust ...
485     the borrower be require to deposit into an eli...
Name: SentenceLemmas, Length: 1596, dtype: object, 'X_test': 1026     operating expense mean all ordinary cost and ...
1556    the borrower have agree to notify the mortgage...
131     upon the occurrence of a cash sweep period and...
601     on each payment date during a trigger period t...
1206    the borrower must because all contractor and s...
                              ...                        
316     the mortgage loan be structure with a hard loc...
1130     debt yield determination date mean the date o...
1065     security instruments mean individually and or...
1809    upon the occurrence and during the continuance...
362     upon the occurrence and during the continuance...
Name: SentenceLemmas, Length: 684, dtype: object, 'y_train': 1837    0
1921    0
1386    0
1135    0
613     0
       ..
1678    0
1074    0
1127    0
937     0
485     0
Name: aggregate_dscr_fall, Length: 1596, dtype: int64, 'y_test': 1026    0
1556    0
131     0
601     0
1206    0
       ..
316     0
1130    0
1065    0
1809    0
362     0
Name: aggregate_dscr_fall, Length: 684, dtype: int64, 'indices_train': Int64Index([1837, 1921, 1386, 1135,  613, 2215,  717, 2124, 2082,  699,
            ...
             759, 1799, 1694, 1053, 1638, 1678, 1074, 1127,  937,  485],
           dtype='int64', length=1596), 'indices_test': Int64Index([1026, 1556,  131,  601, 1206,  862,  871,  244, 1024,  696,
            ...
             731,  843,  328,   25, 1790,  316, 1130, 1065, 1809,  362],
           dtype='int64', length=684)}","GridSearchCV(cv=3, error_score=nan,
             estimator=Pipeline(memory=None,
                                steps=[('cvec',
                                        CountVectorizer(analyzer='word',
                                                        binary=False,
                                                        decode_error='strict',
                                                        dtype=<class 'numpy.int64'>,
                                                        encoding='utf-8',
                                                        input='content',
                                                        lowercase=True,
                                                        max_df=1.0,
                                                        max_features=None,
                                                        min_df=1,
                                                        ngram_range=(1, 1),
                                                        preprocessor=None,
                                                        stop_words=None,
                                                        strip_accents=None,
                                                        token_pattern='(?u)...
                                               'be', 'for', 'with', 'that',
                                               'marriott'],
                                              ['six', 'the', 'afterwards',
                                               'into', 'few', 'somehow',
                                               'rather', 'either', 'her', 'you',
                                               'because', 'wherever', 'all',
                                               'from', 'every', 'does', 'if',
                                               'upon', 'twenty', 'using',
                                               'that', 'your', 'sometimes',
                                               'none', 'me', 'keep', 'most',
                                               'them', 'formerly', 're', ...]]},
             pre_dispatch='2*n_jobs', refit=True, return_train_score=False,
             scoring='f1', verbose=0)","{'cvec__max_df': 0.99, 'cvec__max_features': 100, 'cvec__min_df': 2, 'cvec__ngram_range': (1, 2), 'cvec__stop_words': ['the', 'to', 'of', 'be', 'and', 'in', 'a', 'marriott']}",8,2,1.0,1.0,0.0
15,delayed_repayment,lr,f1,SentenceLemmas,"{'X_train': 63       cash trap period mean the period i commence w...
587     notwithstanding anything in this tax and insur...
447     any fund remain in the reserve account establi...
131     upon the occurrence of a cash sweep period and...
1923    mortgage lender will pay say item or disburse ...
                              ...                        
527     during a trigger period so long as no mortgage...
1105    the lockbox account be each own by a separate ...
1243    any amount remain in the operating expense fun...
1376    the borrower direct all exist tenant of the pr...
780     base on the assume annual debt service on the ...
Name: SentenceLemmas, Length: 1596, dtype: object, 'X_test': 663     upon the first occurrence of a cash sweep even...
1344             minimum disbursement amount mean 15 000 
1881     low debt yield sweep period mean the period c...
186     upon the first occurrence of a trigger period ...
1218     insurance premiums mean premium due under cer...
                              ...                        
490     during a trigger period fund in the deposit ac...
1906    the mortgage lender will be require to consult...
1557    provide that no mortgage loan event of default...
765     each of the above describe reserve account be ...
1432     priority waterfall payments mean the first se...
Name: SentenceLemmas, Length: 684, dtype: object, 'y_train': 63      0
587     0
447     0
131     0
1923    0
       ..
527     0
1105    0
1243    0
1376    0
780     0
Name: delayed_repayment, Length: 1596, dtype: int64, 'y_test': 663     0
1344    0
1881    0
186     0
1218    0
       ..
490     0
1906    0
1557    0
765     0
1432    0
Name: delayed_repayment, Length: 684, dtype: int64, 'indices_train': Int64Index([  63,  587,  447,  131, 1923,  105, 2105, 1967, 1803,  467,
            ...
             385, 1342, 1201, 1437,  523,  527, 1105, 1243, 1376,  780],
           dtype='int64', length=1596), 'indices_test': Int64Index([ 663, 1344, 1881,  186, 1218,  438, 1063, 1182, 1262,  734,
            ...
            2004, 1597, 1340, 1180, 1973,  490, 1906, 1557,  765, 1432],
           dtype='int64', length=684)}","GridSearchCV(cv=3, error_score=nan,
             estimator=Pipeline(memory=None,
                                steps=[('cvec',
                                        CountVectorizer(analyzer='word',
                                                        binary=False,
                                                        decode_error='strict',
                                                        dtype=<class 'numpy.int64'>,
                                                        encoding='utf-8',
                                                        input='content',
                                                        lowercase=True,
                                                        max_df=1.0,
                                                        max_features=None,
                                                        min_df=1,
                                                        ngram_range=(1, 1),
                                                        preprocessor=None,
                                                        stop_words=None,
                                                        strip_accents=None,
                                                        token_pattern='(?u)...
                                               'be', 'for', 'with', 'that',
                                               'marriott'],
                                              ['six', 'the', 'afterwards',
                                               'into', 'few', 'somehow',
                                               'rather', 'either', 'her', 'you',
                                               'because', 'wherever', 'all',
                                               'from', 'every', 'does', 'if',
                                               'upon', 'twenty', 'using',
                                               'that', 'your', 'sometimes',
                                               'none', 'me', 'keep', 'most',
                                               'them', 'formerly', 're', ...]]},
             pre_dispatch='2*n_jobs', refit=True, return_train_score=False,
             scoring='f1', verbose=0)","{'cvec__max_df': 0.99, 'cvec__max_features': 100, 'cvec__min_df': 2, 'cvec__ngram_range': (1, 2), 'cvec__stop_words': ['the', 'to', 'of', 'be', 'and', 'in', 'a', 'marriott']}",3,1,0.0,1.0,0.0
